degree,model,alpha,l1_ratio,cv_mse,cv_r2,train_mse,train_r2
1,lasso,0.01,1.0,8.68591230516993,0.14115949397069177,8.640138890917942,0.14682226581806557
2,lasso,0.03,1.0,3.2897292307144306,0.6749395593282799,3.12415466782982,0.6915027368906361
3,elasticnet,0.01,0.3,1.0124473636643228,0.8999201185757905,0.8181679603740246,0.9192093211202993
4,lasso,0.01,1.0,0.6157538936932208,0.9391726183855292,0.4500875504308374,0.9555557287552722
5,lasso,0.01,1.0,0.33936095181566406,0.9665174955282009,0.24966821698214325,0.9753463033000574
6,lasso,0.01,1.0,0.3561106477532654,0.9648300331422174,0.23837796841542735,0.9764611683285151
7,ridge,10.0,0.0,0.7098719124259958,0.9295786189757766,0.09544072055510602,0.9905756263018539
8,ridge,10.0,0.0,0.9894252992512715,0.9015667841647484,0.07004075768800216,0.9930837668584878
9,ridge,10.0,0.0,1.1394341025168215,0.8870228954185218,0.05198486795135119,0.9948667107774041
10,ridge,10.0,0.0,1.5034978296538495,0.8505933170145352,0.039554686375446,0.9960941394433424
