x1,x2,x3,y
-1.0,0.09157764927592527,0.7623762318889027,-1.9945345699163561
0.009679970722410891,1.0,0.013087745355721658,7.851038955501362
1.0,-0.1821766255723134,0.8511777272770478,8.12065471806273
-0.8732276026470243,0.29387488481171475,-0.6272099428933406,-0.49949909065535497
0.6658252466293506,1.0,-0.5499922213608008,12.161487986082944
0.27822788592048564,0.40518096539274695,0.13666938310230403,0.5950457719161185
-0.47796649648611544,-0.1693469340732614,-0.20153474103214508,-0.5512063190187422
-1.0,0.5699306748079354,-0.01874578078902034,-2.0561267315111955
-1.0,1.0,0.0631384533564181,6.634169525654749
0.05635612651827904,-1.0,0.39054882702393656,0.8135539702519733
-0.7654756040111867,0.4251203418234466,0.8323637690284988,-0.0035730652156071296
-0.1956210362164179,1.0,0.7627998649275869,9.743940050044156
-0.8349066786928427,-1.0,-0.6189923373888135,3.563086025926672
-1.0,0.0006409531374467203,-0.4361812090665962,-2.88717120678353
0.7260602329530934,1.0,-1.0,13.323666197078742
-0.5820326051283922,1.0,-1.0,-0.12996625221772307
-0.17792680053847665,-0.2799151074899018,-0.5662594078202114,0.9920380704780145
0.08472034974276421,-1.0,-0.6100178600556847,-2.1982282442722556
-0.44277086029935364,1.0,0.6252281439270988,7.787511686061346
0.805890105004778,-0.6795826651145116,0.1412180394150977,1.5192931438478707
-0.45244443819700764,0.14195495142156633,0.851571874934979,0.3601054009374446
0.23311294121299908,0.1315380185685706,0.5559268227780745,0.031241331018103002
0.9492299768216346,0.1709179072172291,0.03672384030335296,4.592197139569141
-1.0,0.5539461070169831,0.8409108487232329,-1.2766020705310037
-1.0,0.8561385816306626,0.8735882376722199,3.0960122188799017
-0.917505694841301,-0.008509791216587681,0.11264209092619781,-3.243963948773233
1.0,0.3665654692535878,-0.6144140407777416,5.45029406949915
-0.8573307550088991,0.020618248330149136,1.0,2.792070209556013
1.0,-1.0,-0.1810082752799984,-9.18660579363901
0.23134341084674448,0.93803165077776,0.5139147063460174,5.062777544764539
-0.21368447096827725,0.6192891580080506,-0.2250502320037151,-0.1941052145933408
0.16312034139921106,-1.0,-0.33856418632672947,1.6184050392789266
-1.0,-0.4656964361201845,0.007441344748677414,-1.5410763322142917
1.0,-0.4653610628833711,-1.0,1.8923306618916045
0.1960078340845659,0.01375019257856347,0.8412520370640886,-0.30176478795302913
1.0,0.5739395723484018,-1.0,13.266556208073698
-0.28409165800633396,-0.38549651080771574,0.25818836458811534,0.9891099678658506
-0.010008781068536976,-0.9464327965908481,-1.0,-14.730673034978604
1.0,-0.6748424609576611,1.0,1.7677696804554046
-0.34949565310528286,0.23004996233128439,-1.0,-1.967868994857931
-0.1600967491110845,-0.6568496024315575,0.18056157008526674,0.6271463395957086
-0.44920741936996134,-0.17224002045058184,-0.04090115067777256,0.2375717483865391
-0.14677718564312636,-0.9792905986505187,-0.5896534972180743,-0.9172613257527877
0.16418447700068817,0.6429590019186595,1.0,5.453757867136182
-1.0,-0.6176086821853681,1.0,10.350760551399151
-1.0,-0.981312368998251,-0.47493689891907986,4.324450202393042
-0.9626210870708194,0.36206769756602575,1.0,3.7346451466054025
-0.10909291725816561,-0.0890167309507861,0.3926615396184914,1.291723338270314
0.1929564467050553,-0.1592254486527096,0.6688297896915889,0.4947874122512431
1.0,0.4138005333234407,-0.7022817031370931,6.728231690843288
-1.0,-0.4197101462306696,0.24357144171391654,-1.621893478903977
0.3899697420980235,0.8807575725076491,-0.0889553849530147,4.034764579384324
-0.7644584808897013,0.048036626425774775,-0.18769814639933768,-1.8351901345294621
0.2185882549117566,-1.0,-0.6644973799657892,-4.4299343436197764
-0.756928834116781,0.948317467079467,0.28311434665211754,1.2184224840874045
-0.32637004163148653,0.14359428311662215,0.5138799438482342,-0.0333574897143431
0.09031059819116316,1.0,1.0,11.738812703370428
-0.23528351472242526,-0.34666352238370357,0.3018035992515111,0.9512890894290998
0.33405056255694565,-0.7437892705123244,-1.0,-9.570194310815342
-0.5587792823890492,0.758413131185862,0.05751684223953868,-1.1967453687325262
-0.6611820103516566,-0.5264315202854017,0.005189536673538164,0.842476672104016
0.5182884177281768,-0.31988675258655785,0.35557400696437225,1.4208861714720669
1.0,-0.8201916806260456,-0.7478536269243521,-0.45929789084103656
1.0,0.41182028897294765,1.0,21.074420322910974
-0.38816546125866314,-0.714563902584306,-0.5443240292441451,0.8410340556338465
-0.7085627949252644,1.0,1.0,16.80422176543831
0.23805529863084707,0.058882586226884914,-1.0,-3.253540503517313
0.8977935685653482,-0.1191106468713623,-1.0,2.8349913952496397
-0.5366078245727939,1.0,-1.0,0.6007932727715236
0.466266394385352,-0.3161062438170683,0.8802435271688336,-1.0388249948573398
0.15137381777299708,-0.5313753017594633,0.8972566377537285,-2.4585461348546787
-1.0,0.015300467775626991,-0.059893294473276626,-3.406582202021177
-0.3319763162037388,0.37770732957718844,-0.4876898727214962,-0.946837477224949
-1.0,-0.5831715763566301,-0.7644283088853807,0.6996634555706421
0.38869777799183325,0.09017575159515667,-0.7863811268549352,0.5835340135299933
-0.9831110340172624,-1.0,-0.11876178933650339,7.071538814397469
0.1577807460519569,1.0,-0.3588988270273903,9.427552641383851
0.453461865821728,0.6316321654506865,0.04244219853625486,1.344915946711233
0.3976748839551987,0.7542807007751924,0.3361541545853761,1.7130872663289394
1.0,0.6753461025566776,-1.0,15.744279307585275
-0.7034861346289061,0.19258983884987857,0.9985862065729341,2.122918815328439
-0.5606513247194034,0.8293724764210053,0.8957740122755007,5.873839674483192
1.0,0.7966432230989318,0.21643098106650305,10.110877599875492
0.4404694277559744,-0.12856783152101303,0.1437556411062233,1.765185175063083
1.0,0.44418796567836005,-0.8060081029800008,8.434024051282345
0.925672299136707,-0.5616883150952705,0.13830241995912718,1.8627036269630064
0.36442716942086806,-1.0,0.5971402115610027,-0.20912353276868953
0.5549961948144473,-1.0,-0.9084919132310203,-15.794044877270608
-0.775484630375985,0.12195949946174034,-0.7164440492438295,0.29121180993792645
1.0,0.270856378714166,-0.6005228913004921,6.068015087200917
0.6634242902999461,0.18729581264728612,0.3736929192892753,2.216053521167122
0.672144578515883,-1.0,-0.1296950985818066,-1.1693488916414043
1.0,-1.0,0.5074569288336155,-6.316428485807454
-0.17626766048136244,0.4671226210231394,0.08849974534408633,-0.792880127164391
0.40037596374861906,-0.2344446514637335,-0.4104505900805233,1.0055801522230792
-0.623164219587194,-0.2354908697918312,0.34728970018427185,-0.12926340087831698
-0.1721265522116695,1.0,-0.04245490678136443,7.415989490734472
-0.8605185044703689,-0.18063469375105456,-0.13245499411923878,-1.3769299824467003
0.0878121030531851,-0.2866077343130675,-1.0,-4.086126137756556
0.38578238276678833,0.9442402542148021,0.7673511764601648,7.225100860395615
-1.0,0.4968168422337451,1.0,4.725120951493623
-0.3156348004933853,-1.0,-1.0,-14.356152093309491
0.658681561284232,1.0,-0.41950832785451375,11.177121581429931
-0.43934193067688776,0.010639843451413888,0.2718533501683731,-0.465216054360301
0.032602833445977364,-0.4071476784951258,1.0,-1.7033112493585343
-1.0,-0.04451766379903077,0.6636766882462688,-2.4950618487831226
0.0681803610733005,0.4533535255120045,-0.17458632304873478,1.203284082119818
-0.33282891507218726,0.2607230190717196,1.0,2.3149348544465917
-0.9262405239039966,-1.0,-0.19206510846980773,7.140597728858509
-0.2458022936554296,-0.42622620817316714,0.0754917204103025,0.372982143698319
-1.0,0.6844006960692737,-0.20540259915096737,0.29069185458848373
-1.0,-1.0,0.7930839547777977,16.76756865410092
-0.36384719017872524,0.33389849421279494,0.5864146738289864,-0.4421368953099555
1.0,-0.6475185177598126,-1.0,-1.8000056888336275
-0.9841715560470319,-0.5085753307419301,0.040076468824307376,-0.573267125481434
-0.6117129431410566,-0.9381275386594823,-1.0,-7.679896035266863
-0.00928690058495163,0.41727616056639216,-1.0,-3.6215946529788523
0.11619580649209627,0.21108753162536997,-0.8865063167897018,-0.84174184145349
0.47905738045143154,-0.9150301251279154,-1.0,-16.672847198650967
-0.6414959000330738,-0.12252951758446318,-0.5070775630445186,0.13470571642323836
1.0,-1.0,0.338878164309264,-7.3268400272816585
0.32338106798037236,0.2890760395629388,1.0,1.7685024104343934
0.020896023949078968,-0.4783448584538472,0.7857841794756109,-0.1889267430162585
-0.8598881851053486,-0.9968072699359614,-0.3763304152146698,5.060054826000058
-0.08286690314114065,-0.3005565142719304,0.25899803483301387,0.0725912152553968
-1.0,0.3523491340028815,0.34468986295300263,-4.175690565081043
0.6631072493319581,0.3616354570382099,-0.8106485738433395,1.5597503695953174
-1.0,0.1319757123577332,0.46224932845331534,-4.894242100602144
-0.5020815902327327,0.21250725732771913,1.0,2.3696441354003754
-0.4632760724012568,1.0,0.3263961095237673,6.194377319677161
0.8749138832059078,-0.18876039338813522,-0.35855827673714513,2.8912476438856585
1.0,1.0,1.0,26.154290344615195
-0.01093524063666318,-0.26929610272504956,0.40062620114460046,1.1475527349883483
0.46599959490721155,1.0,0.676076921570548,7.780821109943309
-0.5202244724984897,0.7975359251768304,-0.28382543852006203,-0.14321338840378928
-0.8480307953153561,-0.9729864179301395,0.6151577816476903,9.01927807214488
-0.044262940981607546,-0.2237427463428916,-0.6633595759526094,0.48726931215724456
1.0,-0.504359112105095,-0.24254693958325424,3.4604727595018545
-0.9046362224771545,0.11332983633098959,0.21442366636155352,-2.9879479424098636
0.4577872997462271,-1.0,0.6354889185138319,-1.0569387545710704
0.9945212935505157,0.6489024250165851,0.04466993651594775,7.262716321756169
-0.443451259633588,-0.5447131545839441,0.2823052923000362,1.39672940308852
-1.0,0.05919378985257895,0.4026408027092825,-3.6173080447503874
-1.0,0.2805396403182596,0.47260115375679534,-5.6735859685169165
-0.48298064160642773,-0.6407545047760796,1.0,0.9322829204696289
-0.31349364759020193,0.9229405314965717,1.0,11.64274146477674
0.6034003297405157,-1.0,0.9930785532678443,-6.397021315992017
-1.0,-0.908863747071488,-0.13589462632440408,5.624252963266106
0.4094534454018719,0.22535659626325444,0.6150583236124407,0.9997429297289859
-0.5537036576712597,-0.8226963874320379,0.8950014908154784,1.6495272753468861
0.8622508903323116,-0.9996040730386822,-0.5579881970148106,-8.675778317596627
1.0,1.0,-0.8643479361449262,31.355601102185787
0.8885710598162073,1.0,0.731932658862547,12.108664400921507
0.4359880691088138,-0.29787345245297736,0.3541071696844318,1.148213896484658
-0.30500291907445276,1.0,-0.05124314828377985,7.2314318109166
1.0,-0.7404008547671861,0.2826441206197414,2.090625674633489
-0.1899062723341962,-1.0,-0.27244529235105963,2.6272303356020825
0.8098656053161934,0.6844491568650137,1.0,12.511173319147716
-0.7899155813927372,-1.0,0.20110896376842247,6.4311403696722085
-0.16744366699779345,-0.2093371907702779,0.31635546805443737,0.01701158869269248
-0.0042513760643139165,-1.0,0.07425636470668051,2.4249881939076183
0.8553320520257497,-0.6422229975275855,-1.0,-6.558210602908669
-0.2541314247300961,0.3151706542020356,0.8946436993747025,0.5005649681425974
0.2814857509508115,-0.09182934969293877,-0.00377325464316991,1.6667683526674195
0.9313321019556682,-0.7592383605552742,0.6633962758917349,1.33961148558456
0.009279423954768218,0.6591821461974527,-0.17031447442841952,1.2650916422785434
-0.8771903453614374,-0.677283778155322,0.08456182257884204,2.4227624160313925
0.13843023617885897,0.9204678259759489,1.0,9.761984248285131
-1.0,-1.0,1.0,21.909884908093105
0.8408659616473979,0.056567813863551475,-1.0,2.5126601346013535
0.5394369129623837,-0.34913131321019564,-0.31578705056991896,1.9191725572537677
0.26258524587311705,-0.6357118157894868,-1.0,-7.349022337806048
0.3225478757400657,0.34855407467243027,0.16224070060202944,1.9492098256973098
0.6229702820781415,0.1324013551337202,1.0,1.0487969684117477
-0.20045587366958117,0.45625867284042454,0.9098478723165746,2.5293589560872243
-0.815517364584903,1.0,0.2392305319430239,2.841621146130846
-0.7853504566672111,-0.3929628935517959,0.7153542835466766,1.0213244782633693
-0.3367143734973508,-0.056847076661788565,0.9595641204185108,0.3324506569458251
0.8279624176216949,0.5887331545928969,1.0,12.746375723315216
0.6480595398308553,0.991592547242812,-1.0,9.055386194590481
0.469863876079637,0.05048001986936579,1.0,-0.28576362980006237
0.5112262424604734,0.98497285462423,0.8356781845946273,7.7317366058601795
-0.20170540066980402,-0.6220249231817556,-0.5533741182803837,0.6503398934445905
-0.4528384776899552,1.0,-0.6419253091569925,5.88956342383154
1.0,0.7816760127202342,1.0,26.21462611734518
-1.0,-0.19367978927557972,-1.0,8.464213748657595
-0.10944349749843751,1.0,-0.04746720212070543,7.909690441154499
-0.0647101695675254,-1.0,1.0,-6.517856623128217
-0.15578664612837279,-1.0,-1.0,-15.804143816744322
0.6018819456843127,-0.18178701058531033,-0.9781267366611373,-2.457408573571451
1.0,-0.275727233599137,-0.5855809353877313,5.069919069725175
-0.50597828460395,-1.0,1.0,-3.6820981951031833
0.7706282785695708,-1.0,1.0,-6.723650134162303
-0.9593800740536602,-0.27771662060274127,0.8199595817891747,0.9292262208458749
-0.7724352712730898,1.0,0.2561289708419152,2.7939776181843254
1.0,-0.11730569225425724,-0.40453315158727876,4.273261030809137
-0.5502049827709821,0.3596273821342313,-0.9228602620319966,-1.6802089455225007
1.0,-0.7564028482049909,0.2517922713043417,2.102004695143423
-0.7272774727199207,-0.07510189236225595,0.9782521195026739,2.4520983733374186
-0.3445001030658892,-0.4634523235049881,-1.0,-3.414371953946628
0.4126751564601068,-0.7421728402092915,0.4135621599374144,0.876510988288612
0.5764544657306132,-0.1533727858077476,1.0,-1.4855392143515618
0.22854235300535475,-0.32738786753233784,0.19861525285535953,1.2942508121576006
-0.3019868882028107,0.6083625292409074,1.0,5.1685889326894205
-0.7554087039003365,-0.13077259444070988,-1.0,3.2450615152767615
-1.0,-0.03976360324392303,-0.8224844696479325,3.358262694968873
-0.6913549699544552,0.8419199275018758,-0.8277761921568836,-1.3355183363827647
1.0,-0.8430773405661756,-1.0,-10.424957309862032
1.0,-0.5401282673975283,-0.28495094363755946,3.4973040258972734
0.9249884457319584,0.15327525789157237,-0.45260638435798994,4.651283386740673
0.8345542732146976,0.05573102219550563,-0.8438261166062175,3.46104611096334
-0.052974927959189344,0.18755586007023894,-0.11651716114365751,1.1518164376512139
1.0,-0.04689010298068963,-0.30842350642077343,4.451532795169697
-0.4461358245807605,-0.8636872431881284,1.0,-0.7264986511324966
0.5873003647043227,0.8465164532125022,-0.8447955689872229,4.31605868741868
-0.2929573709224802,0.19178367483341896,0.7575462359949579,0.033492739117033266
0.0020033424856020776,-0.33705218952609584,0.18317280824462845,0.4780757863539199
-0.5053287808430962,-1.0,1.0,-2.2976505162831375
0.4745733390651423,-0.5586999569325133,-1.0,-7.205297770768056
0.6381277358921928,-0.5463992753636244,-1.0,-7.034777042265815
1.0,-1.0,1.0,-8.780302284388684
-1.0,0.3372707434648603,-0.4082876479668458,-1.2578318037718597
-0.4624210233805206,0.33689030582368096,0.26102124265681814,-1.2622380615935511
1.0,0.046487976243050566,1.0,13.245186357422044
1.0,-0.17640696114663368,0.6686095213342553,7.0424898205649615
-0.6223961284595487,0.7382201394490906,-0.9194049229282744,-2.705691621899261
-1.0,-0.7148647943755078,0.3316854454127336,3.236283283264679
0.31011517925030696,0.8877311042674914,-0.7449382226198187,4.438383014896242
0.4463584989063252,-0.024653942028638687,0.5779811079312203,1.4462347458600777
-0.014379547221786249,0.18753454294844674,0.1857607435552926,0.5943304621370727
-0.5426974105613844,-0.6835202827713909,-0.015799292227590245,2.0688099821619463
0.1649560958603722,0.2956022299553638,-0.547405040443772,0.9601084460151496
-0.08243801816387064,0.5286495634242789,-0.118658618653255,1.0523504982002
-0.9479399647871443,-0.8844668963495215,-0.3313356970255079,5.475419185651642
-1.0,0.5389377287837449,-0.17238089081986518,-2.315328350761095
0.370545686067552,-0.875020939418879,1.0,-4.2705799087045175
-0.8265159652898244,-1.0,-0.08361370467040574,6.76680775248755
0.06458124355655026,-1.0,-1.0,-17.502944048163222
0.7182239919806712,-1.0,0.9087701211556631,-5.375764367820877
-1.0,0.5388168644870825,1.0,5.7889436987565785
1.0,-0.3312689224377203,0.032005285224885105,3.9548055596822187
0.548977416747858,-1.0,0.05227663048364661,-1.0645707035801233
0.70502787125973,-0.9738375206450933,-0.18192606826064672,-1.2937999817234003
0.29934694116025007,0.6878733408796849,1.0,4.5650001475301725
-0.05988019582150894,0.9078591851367144,1.0,11.151399886994916
-1.0,-1.0,-1.0,2.3850357383647642
1.0,-1.0,0.17349520030785825,-7.951807593368709
-0.4948391729625179,-0.026691147505772506,0.302624754284222,-0.254431694519185
0.8501190022494247,-0.06332844013282313,0.3196152774292138,3.2098319043406978
0.34316703378628666,0.10368972036343949,-0.9787673610469068,-1.7361556020063906
0.22438319291064635,-0.8409202503760973,-0.6849438258564253,-1.3506510770643296
1.0,0.09437331394867998,1.0,13.969358772172948
-0.12120203834067178,-1.0,0.5306824359469411,1.6489882848601813
0.6621898744443604,0.5752695751651142,1.0,7.723183208186815
-0.13732693579281952,0.05552700146949596,0.6290921720387526,0.4818162152941298
-1.0,1.0,-1.0,21.027082816262528
-0.4012946648124358,-1.0,-0.4856788572197843,1.1011670142972507
-0.28386779132637674,0.2992569482726235,-0.2965269199509346,-1.0196883973859256
0.12784125380049338,0.6206972596483469,0.5643299387713177,1.6381868345604529
0.0474070141736711,0.35177846187885886,0.360541618323978,0.36256835832095297
0.46336976286500664,-1.0,1.0,-6.567181878205683
0.846713562805862,-0.0016371432950763598,-0.48752381943610423,1.8974063132279109
-0.581551993680993,0.776303187909078,-0.3367225668466194,-0.577702426412277
-0.8774050372796545,0.5851374427495655,0.2867759315240692,-3.5490151698063093
-0.8880905801017771,-0.8442545891498718,1.0,10.624527515561175
-0.7892992016906986,-1.0,1.0,6.385669821104218
-0.20985564724940242,1.0,-0.49482126493421985,8.13773988947732
0.8780230054980702,0.61118733676143,-0.21657985635578303,3.881407643285532
-0.052260902999748504,0.13966181119091736,-0.8599505653421065,-0.5439714452896778
0.9173674949995034,-0.35472961804378533,0.6255768100278025,4.531232281816139
-0.27439432925366614,0.5850688315274062,-0.05228148764312168,-0.5489863286846494
-1.0,0.287070620496761,1.0,3.0620473643000383
0.07328581986808858,1.0,-0.5011492151627741,10.737113250815586
1.0,0.44830418365767133,-0.46353047846748696,5.3153313710493535
0.8879340322546576,-0.9048449829856053,1.0,-4.4543936395555725
-1.0,-0.4589358401521606,-0.4509579887711537,-1.1950476013514622
-0.7883057914747384,0.8702833397966463,0.6205410521031334,-0.5429317563635874
0.9550877471768466,1.0,0.6344652376927091,13.080748349215039
-0.10664579963238885,1.0,0.28148049319957424,6.545861072333408
-1.0,1.0,0.9952463218971772,16.91426611053238
-0.2866868570388863,0.3097479000323162,0.6393806415442957,-0.4662167481368433
0.7778094463730265,-0.10384043876880811,-0.9043071523635766,1.6013023334291652
0.45995619770132556,1.0,-0.21830371830985928,9.135512030799562
0.9213791389802126,-0.6386679646168121,-0.5321617271761836,2.3741211227186043
-0.754138048764085,1.0,-0.6136316238771016,4.007436620877289
-0.40405376636770773,-0.2614813199253867,0.9338419879609801,0.39674954813812446
1.0,-0.9163370017817223,0.7736991290066246,-2.3661621373538706
-0.23354027380445364,0.5363402094331644,-0.4924216156298742,-0.6991785732895499
-0.5810736793933458,-0.30464352169039577,0.6600883630423982,0.4248881823225334
0.04993882683253892,-0.3677283770127806,-0.17668380831078734,1.4455110459128946
0.9241814577058749,1.0,-0.2911433126793648,14.019841416176618
1.0,-0.13382221845770337,1.0,9.921556575182938
-1.0,-0.4313733083102609,-0.2935071413703463,-2.0034019847445608
-0.36370017596224713,-1.0,-0.5044894968955034,0.9250249226185503
0.4519286726262466,0.6458742080757536,0.19510691002004443,0.7394250644298865
-0.21841003019806982,-0.04951726374580434,-0.20641957989918813,0.07540011770979627
0.4008037596777987,-0.8810378010887323,-0.6166406699413174,-0.9230626869942352
0.3489384187728892,-0.6377993488600606,-0.11407434759838564,1.429207825133009
-0.7796153680418387,0.9428090833716127,-0.2071312783606627,3.2038925376709697
0.8123319169615602,0.4104922421532471,-0.5077829764000741,2.7225232848575516
1.0,-0.10980108427470081,-0.1793611419768708,4.56481955862029
0.7377300630926107,-0.6050971372945244,0.143631785101203,1.5540080111262746
-0.1692694138713362,-0.15465039606372466,-0.5238534433103939,0.7070618333290764
0.19553869056286266,-0.7506862864425194,-0.7380507387902298,-1.3969847264348796
-0.3243150080132797,-1.0,1.0,-5.799451050874195
-0.8564125787595964,-0.16738273698896422,-0.9966666780104732,6.193602520210154
0.291336367636883,-0.27231833546973205,0.9533104317822325,-1.7298364701196023
-0.38025765125010325,1.0,-0.08732079441854879,6.763314443361351
0.8414465265928772,-1.0,-0.5726261126652754,-8.922314301877947
0.10935862348869474,0.2719415415965627,-0.3855956645947596,0.8065027364645974
-0.6443816208177431,-1.0,-0.9344953689433411,-6.383810689826754
0.6075189201687494,0.7208085458667808,-0.3597662159170738,1.3489558717208232
-1.0,0.19032290243036254,-1.0,13.452419436903241
-0.6563611114212846,-0.0014932552986697267,-0.35025827992847924,-0.783838011549981
1.0,0.3440376682401536,0.6664071302065193,10.559619434272033
1.0,-0.6714711604667027,0.8536650733262872,3.760312845308155
-1.0,0.9229898785452029,0.40108989639717785,0.198447817391446
1.0,1.0,0.3144363359434421,13.4138564182644
-0.6813603307179001,-0.060871951030511795,-1.0,1.6719085238352234
-0.8253656653019039,-0.23443091679319572,-0.3705758724660779,-0.5253279503033985
-0.8387777934425185,0.021340091453625254,0.13911461035374595,-2.4245885309614383
-0.9793910852527159,-0.8732631172261733,0.32577969628830417,6.825645663910851
-0.4191854640964179,-0.32881523642310717,-1.0,-1.9747556055496558
-0.14252555484720775,0.08283856153109181,1.0,0.8864167840593226
-0.10236457880103966,-0.005595540766008655,-0.4790701647504372,0.6888290124701129
-1.0,-0.3828248904671889,0.0970470477774692,-1.428683900283796
-0.40100244214350966,1.0,-1.0,0.9837535598466121
-0.3529354233236648,-0.532877999320253,-0.7666019607934005,-0.11076616532980912
0.9017164323822715,1.0,0.28648626191953763,11.043341325248878
-0.4566556910675361,-0.452340144164441,0.731955194775147,-0.07896761857787549
0.0365630019081451,-0.22394955802107797,0.3263300595882903,1.011047603898196
0.8682125757145418,-0.8011137646774367,0.3311001302239993,0.4184862687524466
0.26178438559269157,-0.3471821733995488,-0.01781813812553623,2.35671763444898
1.0,0.7129917939067811,1.0,25.717572880465383
-0.5199451263685873,-1.0,1.0,-1.7402475457685846
-1.0,1.0,-0.2329460782734809,11.148331509526106
0.765037339974457,0.3993798001039208,1.0,7.166468728811177
0.3906549417035874,0.03103981788565946,-0.6600136537484096,0.7939832733441489
-0.7202162522268869,0.8112178913323984,-0.24561399675853712,-0.7310414510550101
1.0,1.0,-1.0,39.45712739159942
0.4423851841618398,-0.00432215456297369,-1.0,-2.6905889704963366
0.23884532625914012,-0.14425539197171977,-0.6919407945226237,0.9305013602360138
0.7500765916089414,0.09532593581461479,0.8137795788223237,2.5586477952658195
0.05155941902675676,-0.9462479255728264,-0.9533062007594804,-11.175133206793419
-0.35398730549169133,0.9658252004198273,0.8482764538706151,9.188588548213838
1.0,-0.48719666792353644,0.23458186843511353,4.201438365355401
0.22566147069918285,-0.11138886822309813,0.3393739238918516,0.6870261423850125
0.5862785878871366,0.9802894977549725,0.6949118478590459,8.263868163266563
-1.0,-0.11064852703353889,-0.6948694135557945,0.012881507649693591
-0.24825600229772782,-1.0,-1.0,-14.828109275287243
0.031265273638542146,-1.0,0.556486104550183,0.3309151176654529
-1.0,-1.0,0.006099820384503518,7.8059904454430065
0.8144601119025368,-0.40667093824607936,-0.33797434558982786,1.689175585645103
-0.4540558448034637,-1.0,0.6160094918527117,2.228201443045071
-0.8122088209784402,1.0,0.6661628478898776,2.766582929043274
-0.06468183736304134,-0.8890472718382947,0.5301244334496042,1.173132178656109
1.0,-0.3124026299111726,1.0,7.3810709433389645
-0.8036826804907411,0.07824763628443354,-0.7561472965765055,1.4551762065390235
1.0,-0.5835972287681792,0.07343860568251293,4.194026942720319
1.0,0.7506040151329718,0.21594688588988653,9.16130295191491
-0.06210353544584746,1.0,0.4066611151927184,7.398592826232325
0.6642697884711302,-0.10482166997534592,0.9485131267779037,0.1379666186337391
-0.32670062042681214,-0.6634350883573477,-0.3218634969689085,0.5584446897950917
1.0,0.04754571399528773,0.08358019574196152,4.607838929272451
-0.09626527385834738,-1.0,-0.30449221528272785,1.8402567052439165
0.6609770616078758,0.0495718505991849,0.5397965440278982,1.935653664175964
-0.0159538652830169,-0.5311331673942408,0.38536725632484914,0.623823383517978
0.5485239676908147,1.0,0.5644215323456256,7.013044050996202
-0.16950641793896537,-0.12505408422148756,-1.0,-2.9413102759067655
-0.30666046656244617,0.7744683873748883,-0.4030042054577241,1.0920122124506157
-0.32207540242433774,-0.3139273961113407,-0.053113093956224544,0.47857601556215384
-0.5593265012387862,0.8197121004203911,-0.23718710757376127,0.369545619209686
-1.0,-0.6400972043550262,-0.06782036869372643,-0.3269385258287041
-1.0,-0.6004361149031667,-0.15930401430709962,-0.1842299312739339
0.895823668554071,0.09789309685978065,-0.07187692676799684,3.192041891408948
1.0,-0.04940959143490753,-0.9148873866343847,7.4213259842800126
0.28866548657875724,-0.11614931440204601,0.5656817942126378,0.7281083652965269
0.2709702718496838,0.7455790313597488,-0.8582889686145192,0.4997269011511286
1.0,-0.30575913131656063,0.01689202741704432,4.198938475746263
-1.0,0.062357153901270834,1.0,3.0795435418831123
-1.0,-0.6193710756359485,-1.0,5.660326218176593
-0.9550528742443642,0.6408013058348034,-1.0,14.543048323456595
-1.0,0.7595929838697768,-0.9597587052561247,17.064224558142598
1.0,-1.0,1.0,-9.544304623685349
0.6702971888715044,1.0,-0.6050332498873103,12.261381254201178
-1.0,-0.12327254955773337,0.22139601248565088,-3.549574981135042
0.39166570305829373,-1.0,0.09379409018703222,0.5104610323270001
-1.0,0.13765037242304312,-0.09510523954231087,-4.499056735971608
-1.0,1.0,-0.3178419214211714,11.104733236693045
0.23983260180238486,1.0,-0.14712625142200242,8.3391979191024
-0.778365817179568,0.118331312414244,0.2703964608564642,-1.909098871429495
0.2530514870468499,-0.5392398460571042,0.05431034663107681,1.2306153577042878
-0.4733737486609402,0.6934485944661877,0.7615115653034212,1.610182775558876
0.5936592970803454,-1.0,-1.0,-23.899270377731575
-0.7521639079777642,-1.0,0.610026283912972,7.004919150767547
1.0,-0.04746011732318012,-0.11240205663738867,4.459483585139304
0.6148986543718329,0.9321136173087525,-0.9080790213233298,6.485015384888804
0.4208794565269083,-0.7377980757758849,0.3670090575268621,1.2982454062006976
-0.3903834535825572,0.2406858027749874,0.1110650958198951,-0.515589284370731
1.0,-0.5496137858275942,-0.6011035467535522,4.973499604582998
-0.534071892360777,0.17810306736313564,0.06850398458730966,-0.7617584882674152
-0.5582365625619892,-0.22377922438764575,0.4566186725563932,-0.3463105660993505
-0.9109676179070534,1.0,-1.0,10.35497409747306
-0.8718071261871303,-0.47795906090420104,-0.3596036069603412,0.39285447155901343
-0.516885645398949,-0.8121972733887133,1.0,0.36213472005975966
-0.5207946857787911,-0.5631986285935977,1.0,1.6796035603322172
-0.2862881570579243,-0.4109835450032968,-0.9476591591976282,-2.163903361694214
-0.060870538298945176,-0.29865260443831865,0.7248689855991939,-0.05369118776704555
-0.16652634233074481,0.9590908765942527,-0.5014010092818197,5.8524624675447905
-0.09575053624307928,0.012127826847484036,1.0,0.298117428567778
0.42493387034016306,1.0,0.34487454883164004,7.801069628344726
-0.5698409788600507,-0.6417845036916057,1.0,0.904892829772098
0.09028161204086493,0.2265093871571029,1.0,0.7452373749472432
0.6105262549831554,-1.0,0.4983865086338588,-0.85821606704321
-1.0,0.18030715697038846,-1.0,13.166975458809913
1.0,-0.6099549277054404,0.040414632937906925,4.114311556124153
0.7166216036084669,0.5498776767129829,-0.1562094562780163,1.3945745204956004
0.2802937368451093,1.0,-1.0,5.275770742286197
0.3472481683752324,0.22451890884324532,-1.0,-3.3552241809932655
-1.0,0.17808670294358264,-0.0028102546337143153,-4.719156277873819
1.0,-0.19737075300014673,1.0,8.986727523982552
0.13801929669944846,0.43003911435140707,-0.15773756895221136,0.7048886189625956
0.8426328437128765,-0.7842811059067887,-0.238962753040177,0.0834522531071056
0.4281945785813761,-0.5976782441591098,-0.5229097245477881,0.8042665397729051
-0.5019135735867779,0.28765192632041425,0.38945354617057104,-1.1486339915464105
1.0,-0.49282286844049406,-1.0,1.067477804000603
0.13360025874049586,1.0,1.0,11.09849126178465
0.21056268959827174,1.0,0.8757056262236329,10.245762461030546
1.0,-1.0,-0.7502246654902867,-15.230412481385871
0.7187292083427275,-0.06703566178506981,-0.3445421305458183,0.9901119511221425
-0.3020881993749649,1.0,-0.8360657963468254,5.641300388547562
0.6436055701095444,-0.47291620483430474,0.8776753479155897,-0.3494451546825186
-0.22956208484190332,-0.4896067363232608,-1.0,-4.780969793152602
-0.28264004138225496,-0.07253605403377383,-0.4783322202904561,0.06015595124052692
-0.7789487933400989,-0.3006373436140901,0.6033804937439777,0.39471302862277097
-1.0,-0.4458118680852996,0.9078548175941941,5.097155695420752
-1.0,-0.27562389257273745,0.34138281581062757,-3.7996321015277204
-1.0,-0.7415861849439649,-0.1431856779172911,1.4928950024127927
1.0,0.3006994705115318,-0.9151950900050212,9.706646665544994
1.0,-1.0,1.0,-9.090981131145638
1.0,0.6899801331351809,0.3778055617065337,9.772779626821475
-0.4658642052291124,1.0,-1.0,0.004991203283682744
1.0,0.8825196948580898,1.0,26.984127569814632
0.4621417204187561,-1.0,-0.8861599326410963,-13.724568623179465
-0.26205210236580534,0.7167563824188203,-0.895410426036775,-2.1401191277694034
-0.0259640920648061,-0.2351448580573292,-0.08400358145435383,1.0041338427056725
0.39257895787340713,0.32547671972566716,-0.1818075573175295,1.4878028279940458
0.5390924036663809,-1.0,-0.25889289820795947,-1.3334844190535384
0.7095312057133263,0.5572594804353646,-0.012470249682998258,1.5089401079343707
0.029383709024529914,-1.0,0.3637948450046611,0.8853545398469362
0.612373599409467,-0.1944344711147683,0.23127026435745646,1.4628879612603833
0.006798184358499659,0.48373997066156527,0.22288868588906574,-0.4378799787773022
0.00895394328994037,-1.0,0.48210123074239575,1.4190395758939127
-0.14227184770050938,-0.02872601745510983,0.34740376201410395,0.1320281699890197
1.0,-0.08934614654851081,-0.1836419439291892,5.547600568380621
0.28631374392277964,0.9207973266016598,0.43809110989601674,4.621172361728446
-0.3078047523313434,0.11259846377473237,-0.664639633244047,0.6874294762120903
1.0,-0.14580429453337773,-0.35768198982532384,3.2479520004439095
0.213318296988803,-0.31630944097246694,0.28561722364722586,1.825505976139837
-0.19609352908576683,1.0,-1.0,3.2247516891887673
0.41839307551041016,1.0,0.4244070827403883,6.9106256583976355
0.2631289816356206,-1.0,0.45921906643378096,0.044543713062992096
-0.6815485986429581,-1.0,-0.030836852361665334,4.940638610385023
1.0,1.0,0.43159954974942316,13.796848556390305
0.49500392237832136,-0.7544710881181937,0.13157039116060432,1.1200710661982307
-0.3408581154167232,1.0,1.0,14.839386719998418
-0.8164303269552482,-1.0,-0.8775847301022168,-1.4599389688490607
0.20866991280937675,1.0,1.0,10.868154717360355
-0.18937122042835264,-0.6944438947391407,-1.0,-6.478389829639471
-0.29641991881245167,-1.0,0.1614520190402131,2.744927968440105
0.5616080281266425,-0.22606559488294709,0.655619283754209,1.305703923429708
0.780970286946167,-0.8415682027838884,-1.0,-14.315263233248125
-0.04217486925145986,-1.0,0.48455276565536143,1.4871868598873266
-0.09651005298411675,0.3154225231835408,0.12469170822271991,-0.35554582435746074
0.9245425982856506,-0.691552856596992,-0.09146437815510255,0.478255473191492
-1.0,0.7164725741130296,0.7993398086950776,-0.8504654278189776
0.06054647536292679,-0.5027108727296918,0.19262866707700566,0.7688323506789723
0.029729358052587695,1.0,-1.0,4.421359054695667
1.0,-1.0,1.0,-9.079738702914286
-1.0,0.6570903507210943,1.0,7.821995263651465
-0.9772384642205263,-0.370642833402242,-0.11606429757531966,-1.1898705593481813
0.6102648098530874,-0.7022144720741292,0.39287909979103697,0.38945512652174774
1.0,0.17195990613877798,0.8655881053981072,12.151138753331574
-1.0,-1.0,0.10750761037333212,8.890895380856412
-0.7099832081170914,0.2356232699564611,-0.13277410193973793,-1.2089271342238854
0.6965936202818652,0.33879072917347397,-0.9645724419146491,-0.8169957593911068
-1.0,0.710977479509419,-0.25691767953035605,1.213332168805071
-0.014589074828555981,0.6085321751701878,-1.0,-4.214653493387895
0.6517748189012604,0.6898200016034557,-0.3891988753935236,1.3047323662717778
-0.7929635595388049,-0.39419016081599323,0.26136879943677926,0.27861961691999687
0.5042841695823568,0.45193660653772616,1.0,3.850237175975136
-0.2906054613111886,0.08365824820192436,0.16340320941209652,-0.025900987011228616
-0.20122873606472624,-0.3988232685958828,-0.4169756775787363,0.9081782500826794
-0.21338231146454123,0.06508630192192566,1.0,1.757080729035481
-0.578841444280604,0.8469311687547647,0.36324799432529287,0.06985318988350614
-1.0,-0.4323618535271707,0.795189677553708,2.959287406427678
-1.0,-1.0,0.40743465777490284,11.209625448196821
-0.8632121158576316,0.8780161792051524,-0.7371578143123505,1.763149025545839
-0.520805923833586,0.7166942923666175,-0.9325606736676593,-3.243678436269963
0.6965320215600077,0.34063164552466385,0.8308786569197544,3.5991835484497594
-0.1467796022994854,0.7196249945153455,0.182828181981735,0.7623204930388785
1.0,1.0,-1.0,39.05751291223561
-0.10756557223754748,1.0,1.0,13.18680505327144
-0.8306068510416591,0.6874895462869182,-0.5168878293211794,-0.5031066683948155
-0.3947122278230113,0.5799085147960008,-0.37351458145156147,-1.509481476793464
0.3017683594313454,-0.43271115541057004,-0.10776577841678714,1.514005876493576
-1.0,-0.31547017920417275,0.048131777815060506,-3.1207659473446077
0.4293396795487212,-0.3688240908388385,-1.0,-5.314198365639735
-1.0,-0.34862547269287325,0.5918087511928429,-1.2629787954126384
0.34825080408015685,-1.0,0.15801457926201246,1.0550833038470762
1.0,1.0,-0.9116938026729109,35.791537229611954
0.6286742009389199,0.3623830589830568,1.0,4.496466238426551
0.09138452117638152,0.0408377963967701,-1.0,-3.5709967258216837
-0.6020105553267103,0.8756131391222131,-1.0,-2.517658847936
0.4801206723916245,-0.0948022452089976,0.16257047685246429,0.9640447189958359
-0.43226233193979735,-1.0,-1.0,-12.561382997653332
-1.0,1.0,-1.0,21.982590744846714
-1.0,-0.35471877690594655,0.20362375544554334,-2.194631297197518
-0.7961506644801764,-0.3448939274390035,-1.0,3.2214054790544857
0.7093457405448147,-0.12818293474937614,1.0,0.2654965985517508
0.8258500226467254,1.0,-1.0,18.747303240434285
-1.0,0.10153030433550314,-1.0,11.366345200167938
0.16747105997743517,1.0,0.030266694765472835,7.679335222869008
1.0,-1.0,-0.5687749586475512,-12.073573709172233
1.0,-0.07206230363530186,-0.032083529153797086,4.349895755690028
-1.0,-0.9648373146714986,0.6570695634319375,14.33460681628378
-1.0,1.0,-1.0,21.73088369367159
0.6609467719488666,0.6807334399868858,-1.0,-0.4088514462789897
1.0,-1.0,0.3867568663493737,-7.112132696627377
-0.044035917247762235,-0.013909871957927589,-0.6400672813387023,0.043692611681488636
0.1572952875404834,-0.2568174081142818,1.0,-1.5401243755006548
0.6644386692244357,0.8971509309670911,0.21096941494310606,3.753867436664748
-0.012671066681486431,-1.0,-1.0,-16.934826830833703
0.38932148054395155,0.48053086762281594,-1.0,-3.687762971019899
-0.5773560342037221,0.2127870482609846,1.0,2.0288655876142867
-0.47233075368976807,0.23188269442170784,0.7513282102235885,-0.782451701558297
1.0,1.0,1.0,26.680420324067367
0.4294732683192306,0.4214918618653378,-0.4380649948006292,0.6317966537593049
0.01834398707896545,0.17787374437895642,-1.0,-3.009698495176175
0.5119371212973429,1.0,1.0,9.904699958886926
0.008195514280813443,-0.26468026566197866,-0.03026324649216594,1.3658122744166308
1.0,-0.5036188800802026,-0.16668237176785716,3.377896503047782
-0.7635691912494478,-0.013173452240091033,0.7498646022385824,-0.3041549065224359
-0.1779317612832425,0.7612421457200862,-0.9371518672508077,-1.6804310223937517
0.2850870185050567,0.33005437175474284,-0.4692659189729107,0.9568610815138663
1.0,0.796131411946676,-0.6002988984821482,9.414021036409864
0.15121978830272909,-0.6235425995510524,0.3743068288199849,0.8304447431576524
0.9877720415252762,-1.0,1.0,-9.635361059964843
0.898792444291046,-0.3687460382615284,1.0,2.4631907150494565
0.1581369504071073,1.0,0.6266147255199326,7.854328916648649
0.22155441191506786,0.3440041583626443,-1.0,-3.2310748422815343
0.29538518065418473,-0.12496665793894146,-0.5503209547386232,1.8584536185017404
0.6399825190488742,1.0,-0.24351557625840448,9.175819450726632
-0.33348566678050773,-1.0,0.012018901646639657,3.872916445065356
-0.7647523524153075,-0.7052394991992281,-0.817644028096796,1.2335609393621874
0.6196944192504361,0.9899054303490771,-1.0,8.47850686062098
0.604718059661121,-0.8930102328959362,1.0,-4.895261145663128
-0.04877192861348556,0.046404372705002306,0.5398351897181504,0.0338458709046586
1.0,1.0,-0.6971628319893073,25.315816318769755
0.8007782781178856,1.0,0.6934018231663976,10.312008559737166
0.059032863050160866,0.07621689015084265,0.6005096195512447,0.23079231545342907
0.3291134372763549,-0.5521018755636513,-0.9369316754584454,-3.6635778321064825
-1.0,0.2928398755777202,-0.24310580041504104,-2.658564096966107
0.14249651499921367,1.0,0.0521046720762659,7.561462043216418
0.45514896557253426,0.13402271976313873,-1.0,-2.3697367812235703
1.0,-0.3767264760253486,0.2965881898263385,4.423153203361523
-0.5166438001946339,0.234368914209669,-0.5325923034873918,-0.21231337796603728
0.5367258402391035,-0.017046598690157566,0.26615609391754735,2.1293979379992343
-0.017450051699073876,-1.0,-0.4504380535695687,0.552347169481784
-0.010797253619261538,0.7283195858105598,-0.9098210092927879,-1.3053122786226081
-1.0,-0.18539781633003516,-0.8498129347690626,3.4526484627351577
-0.7071693196889519,-1.0,1.0,2.4133563467496817
-0.6295162928023612,-0.09897558606673074,0.2129461248682314,-0.5775903229079569
-0.6783653296257257,1.0,0.11399512310454218,3.4634354685444295
0.4916960863190434,0.07920147523482712,-0.5879068049221479,1.1690111521429136
0.13704091050788292,0.24808653193550279,-1.0,-2.6362120820912716
-0.9494124924828717,1.0,-0.22840361480442328,7.966510898166624
1.0,0.2410907609473949,0.15503983210370365,5.920061885000508
0.2028003180733997,1.0,-1.0,5.018332123588553
-0.5766828078972936,0.835919339115615,0.5629187531154962,1.2018885465959372
0.03683544169712616,-0.10843031006913684,-0.8396636679556442,-0.15598104404203567
0.2975034035071278,-0.5099997122203495,-1.0,-6.503859963792237
0.7094687588421107,0.7930677168133522,0.35435330421212163,4.049648837410256
0.08733085844289468,0.33103071459082734,0.14129427588878007,0.33214795850101553
-1.0,-0.10552235032992452,-1.0,9.737036792595022
0.16389412511575374,-0.8856245272259515,-1.0,-12.442321445935374
1.0,-0.04326218562174389,0.7652336430916005,7.856074279668308
0.9605468981769867,-0.7377774458387247,1.0,-0.2532023073298984
0.4920116066789142,0.6250276143787743,-1.0,-1.892621631273343
-0.022051906520693,-0.6337043581998631,-0.7358979609511462,-0.27781069751338006
1.0,-0.7046687656696184,0.6425956569410955,3.6399837290447987
0.4941081897161155,-0.4886209316027541,0.41698447850339004,1.2670121304961919
1.0,0.5987632897684545,0.790469839904762,15.353302987351029
0.6289447238026848,0.834796003186357,0.42527730696690536,3.9493618654945877
0.15200048422058665,0.5607582490519918,-1.0,-3.5139003149390833
0.691771660701032,-0.5429313345303011,-1.0,-6.725322900374324
0.7652609623014486,0.8139938534162166,-0.29205096840511513,3.755600422489966
0.8252438128568282,-0.6948265655506349,-1.0,-8.109300270693312
0.38258122204979483,0.5077686859770614,1.0,3.173094307566462
-0.03245575884420182,0.6059597028512329,0.05457439243858753,0.21240279117347297
0.6687056578498687,0.8420315727627588,-0.012996667151831343,3.955599737733422
-0.5005472516531251,-1.0,0.13760954910712098,4.173667268982641
0.602413179705988,0.45526137435553493,-0.5669866474426115,0.45562377535426346
-0.2654637421540178,-0.06427450028816906,0.7333380438707247,-0.03623858618685373
-0.12319249044515002,-0.2245616622919726,-0.3101273218386318,1.2588201027369206
-0.6465802239119758,0.42257131664456815,0.774009171063607,-0.3216776124792239
0.27512875695680594,0.1325314771706616,1.0,0.6550152712203086
0.2732127792634196,-0.6321386196977343,-0.1922907301554897,1.7599941157669832
1.0,0.16469317092291624,0.1203431433168527,5.657898410826869
-1.0,0.46411936658344977,-1.0,17.334361465149133
-0.8225494985472921,1.0,-0.14183745930472003,5.632787074400323
-0.5111369585791121,0.470968159750657,1.0,3.876748842097008
-0.7772374881357449,-1.0,1.0,4.6057595286382895
0.4729123894095968,-0.2448377355514677,-1.0,-3.827199239183972
0.3827126738309099,-0.18091307168232773,1.0,-2.0604515518432494
0.513986648269678,0.2249515173956591,0.3709997799028186,1.6192882561764266
0.9366895270783284,-0.3665084371451437,-0.14478974092532582,2.9718928450537145
-0.2425209668830961,0.2561197582610444,0.37802962240005433,-0.39041876235909045
-0.010807330759542433,1.0,1.0,12.977581335801124
0.7923960035665494,-0.045041646499593746,0.21073220300484818,1.6332532846423362
-0.921432272004064,1.0,0.826124910851928,5.108722693692974
0.6894102288720592,-1.0,-0.06419056868933382,-1.6715744914667237
0.10987893862787979,-0.6964623897835607,0.639617696965415,-0.003909994114604881
0.13800296583659444,-0.4519844757072746,0.7897191953088605,-0.04089316916800906
-0.2105226511381182,-1.0,1.0,-6.352008391970844
-0.011390739032520747,0.5455114788008637,1.0,3.5657840789733926
-0.44466135238356186,0.907260500984417,1.0,12.366930695204658
0.1319614595997749,0.4007762211939083,0.49087331582860516,0.9810785489471794
-0.299773794070191,-1.0,0.6807432156538202,-0.16829084318128307
0.4039132208233691,-0.046666489032569425,-1.0,-3.1135481660667903
0.04816409299975,-1.0,0.1811438040968374,2.7704558310511853
-0.017813932307759073,-0.883211792977721,0.5165658933430968,1.3849465242350913
0.08381362254050662,1.0,-0.3070756736378286,9.14034136067921
-1.0,-0.9807242759744346,-1.0,2.9128759763843015
0.2210963749431072,-1.0,1.0,-6.8327630950946165
1.0,-0.345257890456101,1.0,7.738741203145137
-0.2820217815103323,0.8295344197743302,0.2028129430862271,2.269515293043539
-1.0,-1.0,-0.5747331740823631,4.986169262664133
0.5070934236902709,-0.08417097762960357,-0.016300395923090738,2.345155238998587
1.0,-0.17528147165719732,-1.0,6.676576812940937
0.8849277112188538,0.8859241363409607,-0.35314639512607093,7.379852384482001
0.28716759039667394,0.6035414400130374,0.5018013255288045,1.2331431586326265
0.856441476921906,0.13532093737030504,-0.43012778243773186,2.7672337768008473
-0.33815827027815826,-0.24903774565900227,-0.15291419081394686,-0.008485470993032651
-0.5850203966773317,-0.2553950402670244,1.0,2.1580344414404418
-1.0,0.10415166283403998,-1.0,12.243391737731052
0.6473926053402679,0.37047835362810155,1.0,4.0143361463647524
-0.9061014945147139,-1.0,0.14825528380049136,8.624832439895783
-0.16640352900085142,-1.0,-0.2631173998387457,2.45468841973749
-0.38632681342624053,0.027215243048967164,1.0,1.101864256157011
-0.5081605725313756,0.40095668385413985,-0.7218976089312832,-1.2091646179505167
-0.06270912777314197,-0.14224740180769113,0.03310666998883982,0.9282790482895911
0.03204659968892987,-1.0,-0.5651145249380691,-1.7995604050944707
-0.04990904131348217,0.07283644158847413,-0.7619649074934784,0.9306721900109878
-0.14225217262588474,0.09876854417972258,-0.13791109294257087,-0.28253479950531135
-1.0,0.22488765944394817,0.5290766547427361,-4.766052005411249
-0.7009895259129246,-1.0,-1.0,-7.209627017327309
-0.9805495987801305,1.0,1.0,17.077354097565948
-0.9678075531793087,1.0,0.699938288333761,1.664313700186315
-0.8160565524408236,0.40870819399861213,1.0,3.4682040204565143
0.4623290833696885,0.44318269107992303,0.8351382010237585,1.98904650519317
-0.2645301840510297,1.0,0.5391702847242279,7.933351283999079
0.22380560226351465,0.6399153057266507,1.0,5.563016947807759
0.14384719151817915,0.0004772473737317817,0.07077304712884946,0.47550888529096175
-0.1814759575143341,1.0,1.0,14.493787388226053
-0.5911036194380626,0.7050780616739574,-1.0,-2.216776249677135
0.9399797390282998,-0.25238610672126116,0.6337596376774328,5.387877823287558
-0.4678976607318277,-0.40065697760159424,0.1970918207537815,0.8838984473540659
-0.5570209875806182,-0.44038833214362905,-0.9633436004181304,-0.7598665342649136
-0.3192841990312527,-0.9016725341506764,0.4656538138111337,2.3270165250595936
-0.22574586877906522,0.3130254118621847,0.17502074343852092,-1.1072251184358262
-1.0,0.8896324233982196,-1.0,20.930813543135052
-0.6386612678412587,-1.0,1.0,0.16612001650135447
0.08339424256018435,-1.0,-0.47120071589875967,-0.6447523653884
-0.11729719525622251,-0.12904671713278293,-0.051264238556416375,0.7307934994816319
-0.6126053870815746,0.19270673892839896,-0.3213319189902233,-2.7351444204102506
-1.0,0.8040195591375485,0.3618450307926464,-1.99272678474847
-0.6487321032650983,-0.5128814260486314,0.29487582236669274,0.8371753858628455
0.6322298569509603,-1.0,0.48583877324263947,-1.7015351657367643
0.2069418969695358,-1.0,-1.0,-18.498582208221123
-1.0,0.18701956854990476,-0.5475790757043888,-1.2508789112285488
1.0,-0.7264123245059955,-1.0,-4.457404788709031
-0.052271331082030636,-0.8598119561339865,1.0,-2.948319500136426
-0.5628713036997071,-0.14702793193616603,0.1766354226537299,-0.33221024536997196
0.37087615229240867,0.8453901492392444,0.2762069332737247,2.662953082034396
0.6364525058899693,0.5475745077260397,0.6351128488213673,2.657179344713722
0.11791285893553494,-1.0,0.675924184467442,-1.436102717762471
0.6476777245481167,-0.8837327468059568,-1.0,-16.285742566641037
-0.5726807377137677,-0.05351496535304823,-0.01913451662350596,-0.16877498899603022
-0.4385626081804055,0.160727158152824,0.5886613806623948,-1.3139764486475531
0.44861789667760177,-1.0,-0.19793786889786724,0.2551671407920911
0.39905031992900697,0.7168545763554577,-0.07044200669162204,0.9169234597135842
-0.30885648646688724,-0.04513767739755847,0.6875130684685171,-0.18458291881386132
1.0,0.20478451690527,-0.44007617251155406,4.516331322043118
-0.5192593094570193,-0.35574792194268445,1.0,0.9474610510644985
0.879495742945414,-0.27195806945992773,-0.026490854417663856,3.165138656211858
-0.44300299318204517,-0.567083238317379,-0.9800990845079074,-2.7031572079157944
0.08067819690955824,0.7366421228794706,0.27184095686915644,0.9279865316644067
-0.8828485907435519,-1.0,1.0,10.780170369303267
0.476964439231945,-0.8299488491691547,-0.08504674456227734,1.8776453853801878
0.14778682503343377,0.47074692785446737,0.8250439459160408,1.4050051840631108
0.9943357691299879,-1.0,-0.6442977173189521,-13.457520758016923
0.2619659116159807,-1.0,-0.16646272727816713,1.2582909588496325
-0.9853280467882966,0.5567473500232707,-0.14545638210746836,-2.045960709444269
-1.0,0.7539220555009749,-1.0,19.471703603263816
-1.0,0.4222640004568796,-0.7214796129320844,3.8062988250632586
0.46632327828238984,-1.0,-0.5264286006257382,-1.5511102022016017
-0.39948774669696596,-1.0,-0.050114927593504444,3.7134338958597572
-0.4459671572464614,-0.006681537596036291,-1.0,-1.8477092157715185
-1.0,1.0,1.0,16.74956824769242
-0.061188596415247654,-1.0,-1.0,-16.328940656282906
1.0,0.7883163837389942,-0.7380118750188944,12.41441640462762
-0.31567693103261707,0.36152637610916694,0.39339690321117016,-1.1685902537949695
0.10350238961658631,1.0,-0.7797984278931147,9.511758001127644
-0.9214088130883755,-0.576738010312283,0.2080921677488221,1.038234331312836
0.01172200007291524,-0.42055331450264144,1.0,-0.9767553554943615
0.2686183932414594,-1.0,-0.05046527660657807,1.1463347348119446
0.31393958008576806,0.5321777729900437,0.5528617864880843,1.1352073273288341
-0.4849167962040888,0.7659317592752086,0.5043873086833757,0.7174714968563616
-0.48900036318335394,-0.24092373402566425,-1.0,-2.2444868287096478
0.6008411935489906,-0.11728627528681312,0.7179307601523419,1.664873734976746
0.09507236780011263,-0.18903069297132058,1.0,-0.8617204360226959
-0.4809946238507843,-0.679057370283584,0.9278732117199775,1.5403184349733665
1.0,0.01723901984523435,1.0,12.925350065756607
0.08350126159316451,0.02560953838953317,-0.6151715333760897,0.4014658808322858
-0.16418585194421698,0.7905422533739113,0.7870036646041374,4.056438161022027
-0.17158362701498642,-0.5828625915197081,1.0,-0.7147665667154769
-0.6122796254233802,0.13088996160076194,-1.0,1.0760423325939579
-0.4109070661696781,0.7222434170035652,0.2952689706677192,-0.08206327416086118
-1.0,0.34833201209757303,-0.5829327655158403,0.06993669122163415
-0.493482710633256,0.6592796084272476,-1.0,-3.1957202076229376
-0.16404033234106374,1.0,-0.738978619951167,8.428904985745175
-0.73110863057895,-0.031187814324028285,-0.30402463211209474,-1.29724577710216
-0.8807505718352922,1.0,-0.37002878443766973,6.809534734907098
-0.4192907926625491,0.5743360923782932,-0.3317062755882614,-0.419894372863338
0.8641659808693065,-0.6331695718088195,0.4201119542276135,1.3131058217748623
-0.8407307239105439,-0.5405328731090242,-1.0,2.690974157956177
0.3634081262937545,-0.3846989029420096,0.9586255237790444,-1.8662838030444442
-0.6556278700882139,0.26932874293449793,0.17405965571650706,-2.00794668820887
0.10021326262360075,-0.45543529362330615,0.43474721665777794,0.8158117668058316
0.25852984962715486,-0.13662733465471488,-0.3609732032197752,2.502855187349166
1.0,0.7732975278539052,0.04496677369154245,8.237082227058782
-0.040932025292387486,-0.1438395617714352,0.32120642628186524,0.3373315005273023
1.0,0.8257564234898116,0.08690339382788737,9.81426155771649
1.0,-1.0,1.0,-8.963228075510498
0.8832766941566592,0.027492641194037493,0.6828212840308252,4.818371403954927
-1.0,-1.0,-0.15731250867554358,6.615581222034473
0.7581120395501111,0.35964910678240103,-0.7517487818038453,1.9309555871977915
-1.0,-0.3973917744578679,0.19114814106158073,-2.256085754303694
0.6351589007336373,-0.33141540687848137,-0.18498372277579267,1.4014784624075676
-1.0,-0.06689307559874846,-1.0,9.796647087014062
0.6512814758840579,-0.1426690151887795,-1.0,-2.765872236487409
0.20555067060745036,-0.708720525647043,-0.2555754636546932,1.7955551750891474
-0.1198368254224822,0.14659471538548674,0.8781474461530747,0.5023868765509373
-0.08504847951457983,0.4032551180975086,0.9214741114750538,1.2055661994311246
-0.658776802270167,-0.4654954197758623,0.32256986651883524,0.6996177317636473
-0.40855086985864375,-1.0,-1.0,-12.920850016719658
0.35650842919139336,-1.0,0.4495918577264244,0.42519289468624055
-0.5308931109174784,1.0,-0.7379812832983261,3.872789916534766
0.7553951747452223,-1.0,-1.0,-25.119591295664982
-0.22999049403860905,-1.0,1.0,-5.793067623540182
0.41157867071096743,-0.7548056059334283,1.0,-4.587889165878714
-0.9460688191979081,0.929403553201835,0.9633168618202355,11.227186218035714
-0.6645497184263556,-1.0,0.9123643641762178,1.5681188011009661
0.15865723489643213,0.3859801145611448,0.4371306278018676,0.558844358188594
1.0,-1.0,-0.1268119544635895,-8.81484769170512
0.12286564353625873,1.0,-1.0,4.2976651420628365
0.1534046328234564,-1.0,-0.4914647009817634,-0.6358495391366934
-0.33938731857562066,-0.16068882330418477,0.36561518801362447,-0.009266082413672907
-0.46870410542626306,-0.5378490450460929,-0.8783760811770482,-1.218065071045778
-0.48243010355359073,-0.49423005454766833,0.8623444992524567,1.132772390186611
-0.35909122574907015,-0.6250421026137396,0.6480234612778439,0.18342634792043078
1.0,1.0,-0.9694176012961497,37.44754731530533
-1.0,0.5733366145487016,-1.0,18.58027968818474
0.4806274254991081,-1.0,1.0,-6.865511907034426
-0.8590770246132928,-1.0,-0.7871083617847159,1.2827544488909148
0.2783288588219772,-0.042359877690353986,-0.49658297448592115,0.7654179932057625
0.5980634398365123,-1.0,-1.0,-24.50772065203252
0.16135898722887054,-0.15404099372046387,0.9822113759178706,-0.38077251200710704
-0.40854169878692126,-0.9558940284726429,0.22099865676423347,3.290068152203237
0.4935805443124024,-0.18263030248873346,-1.0,-3.5713297257708803
0.41562357722779564,1.0,0.5152230907654369,7.927850479893855
0.8295818183996531,0.21379335026468005,0.2007288650659318,3.1233778025386423
-1.0,0.1728101248822973,0.5403152269916183,-4.199770103542281
-0.33663336928065557,0.6092611805446593,0.09102228442796734,-1.1648580541355833
0.39160695391036304,0.8837588787075938,1.0,8.218375061513774
0.4625119653363774,-0.3346987648126676,1.0,-2.1861610621929275
1.0,-0.05364252720729046,0.7368805368833102,8.614879815427912
0.25301449606216475,-0.36332035889370395,1.0,-2.799044611779093
0.6744304542696984,-0.6820575592493667,-0.3212563203031633,0.7658404890771463
0.5760054646054589,0.04206889667292035,0.9356840470556247,-0.18116469461591378
0.6078863044462013,-0.44404774576565464,0.3028189249727278,1.1025430280354598
1.0,0.01200854620098446,0.5511694136734431,7.393578139196839
-0.06846587404755256,0.02611095893793336,-1.0,-3.3034151972170216
0.11311910445915885,-0.3334032974429446,-0.27509343270355147,0.6582362623072576
0.6577889894468243,-1.0,0.3625851779923519,-1.6243280654678456
1.0,0.1985915179250619,-0.4852212426503879,5.055003790880582
-0.4578947203066632,0.27808536439340625,0.8476499372458541,0.6674661661589169
0.8028323900155019,0.41015909536267525,0.8352622143406834,6.136291920022945
-0.03454372661554972,-0.5589857129980782,-0.9595803149602242,-4.064308909439099
-0.7852173644212359,-0.10993819134543226,1.0,2.207274220789174
-1.0,-0.8961608676613866,0.09852796636367134,6.330660981354814
0.04361054682735199,-0.48488761799923386,-0.848467498472061,-1.0122216888693414
-1.0,-0.8516685055770274,-0.5343159736820571,2.8626145183955876
0.7435546475106891,0.4708648164781575,-0.2146367162650562,1.6940899494454624
-0.22895802482808358,1.0,-0.511382864906472,8.733638192971894
-0.2998612628449533,-0.273814838501655,1.0,0.6224604207268742
1.0,0.7136734927563488,0.6919171310056467,13.875903972258385
-1.0,-0.6637685720219573,-0.9429163887185796,3.1739717035766377
-0.414958568094441,-0.31259401472034054,1.0,1.1751017263750558
0.5720129856269107,0.29764582308873444,0.7101722732039657,1.1507150855133927
1.0,0.5455415874679448,-0.8058624952507032,8.315611699237714
0.08502482143816326,-1.0,-1.0,-17.61679868391193
0.7276310283885656,0.25876244325229014,-0.7644431597710464,2.246606594762877
0.7769574178063796,0.6025040043794985,1.0,10.630434287564933
0.12274508955053265,-0.7783777029590149,-0.0827052038251006,1.9632026568774787
-1.0,0.1530415273101129,-1.0,12.778325096177852
0.19211036715766272,-0.2650086117388022,0.8450033464843578,0.015021318043265897
-1.0,-1.0,-0.4485059652100287,5.175481219697403
0.6788622583565358,-1.0,0.6058366206214134,-1.2192173187829614
0.6699296638015793,-1.0,-0.0453985154421106,-1.7257947217246443
-1.0,0.4150182762463168,-0.22456688165103666,-2.5118134155989402
0.3949597668721807,-0.43435651946448695,0.8537173533143332,-0.9680412665252489
0.28620163267696186,0.7997237843006049,-0.9561404926648693,-0.7061648535142813
-1.0,0.9795322288532438,0.4731421375367053,2.2088323672813135
0.16293456680274576,0.9272185617661319,0.925566074317262,7.967812019529614
0.14431020666723704,-1.0,0.5444069068371813,-0.7302775278277435
-0.03132303956661331,-0.11681763728939254,-0.9028811636229663,-0.8836065166174109
-0.6108183670731873,-1.0,-1.0,-9.09919451524686
-0.5853149659294885,0.1799389442199517,-0.03919387018013176,-1.197185188311212
-0.012038061216374407,-0.15097973552575517,-0.3727675839573459,1.154160388723978
0.4222630820626019,0.7766784315768398,0.059843064574110816,2.113880877202008
0.7908819519719619,-0.036241243182600025,-0.18396987670613862,2.3592978624879315
0.6797324375544334,0.5745747918089052,0.3662559023301648,2.1756540212157076
-0.05895729382662784,-0.5522400958831428,-0.34005218776855317,0.8652044905276586
0.5147438732299552,0.39636984287329846,-0.23619570358631825,1.8477751330106786
-0.15850176486170398,0.18563258169643837,0.04940197337511898,0.17514439375929755
1.0,1.0,-1.0,38.55378073708397
-0.2995640814596563,0.7710759293777516,-0.3577746101021817,1.163111290729928
1.0,1.0,-0.3359839200128807,17.62460489212868
-0.38424188605230225,0.05353931186333849,0.9987423036176117,1.550239046886087
-0.04376749274281089,0.01816668282906564,0.4751100302703586,0.46150057604973066
0.012795021357279168,0.09305239888761441,0.5899052120146442,0.027658104938932587
-0.969637708555372,-0.6408212166613079,0.5601336807325854,3.5549792231353883
-0.6944416172895487,0.22047667787183034,0.5701914774199486,-1.7031703339235726
0.8872989374716957,1.0,1.0,18.413553689102613
1.0,0.19713054843824485,-0.025751929130082285,5.150243369783364
-0.4953657432511269,-1.0,0.9088925064008262,-1.2972960681416545
-1.0,-0.07816201873881012,-0.37227718026951817,-4.015138644663669
-0.1032687107277066,-0.7652603458835083,1.0,-1.5496946311011754
0.24968466750832596,-0.584181850225781,0.1855173859907746,0.886250293160381
-1.0,1.0,0.5773167454826515,1.0712173670311385
-1.0,-0.1366120868883105,1.0,4.000981502670807
-0.4806169891417511,-0.8020009860678099,-0.3726828395526194,2.457421345749305
-0.4523410660950251,0.497316734968849,1.0,3.891198596011311
1.0,-1.0,0.07695717857131923,-9.229297363195833
0.4463590854953319,-0.12388753936092156,0.4968896822873141,1.3691254667843813
-1.0,0.04538449842357095,1.0,3.8937554087372757
-1.0,-1.0,-0.07022019937627966,6.48164777518766
-0.13968253144674825,-1.0,-1.0,-16.252819147693515
-0.9821431706824084,-0.7448405178679451,-1.0,4.155932444355882
0.5067471740879326,-0.9995143961693886,-0.8546232397352458,-12.175948493796897
-0.4589357763555031,0.3540757109152852,1.0,3.308169342958165
0.237260214812546,-0.4746708332181353,-0.6106634638543569,1.4439810063052354
0.3552227714653502,0.29272193851060413,-1.0,-2.5374381499565337
0.3807355630357443,-1.0,0.02257192494490501,1.7836826178727425
0.1710962462424721,-0.6808541130192871,0.9640178542404907,-2.3274975374321794
-0.056349493979380716,0.7006460675870967,1.0,6.66494824136329
0.380267590937005,0.44645574614273564,-1.0,-3.221976250838604
0.7269689349920869,-0.848369444096136,0.6539376951398961,-0.9241474619006034
-0.7171710905801301,1.0,1.0,15.975211272683563
-0.5832892380818304,-0.2452129507255565,-0.5078133196405725,1.0381817790146095
-1.0,-0.36214397155988154,-0.5942040872912906,-1.2303075411805764
-1.0,-0.07965103844488697,-0.12639622310635112,-4.014763500386242
-0.3287734413723211,0.592257673334945,-0.8641223324305167,-1.958383947210547
0.13913541705464305,0.10314256159759583,-0.6803118033635076,1.1751192825579395
0.4640460446341559,0.026438675868551975,1.0,0.06941898434522542
-0.7126939418299398,0.606366765774387,-0.31222704151135416,-2.3522938651251653
-0.5769959217674219,-0.07709950586494307,-1.0,-0.16538239900522245
-0.2648437833587296,0.08804204553085881,-0.1554388520773553,-0.16175492419913265
-1.0,-0.5236936269081152,-1.0,5.854933195262765
-0.5276327538303991,0.7042019865781803,-0.008114223321388447,-0.8637139153105482
-0.9245093859726439,-1.0,1.0,14.523869575899313
-0.8890877367988324,0.687809651319951,-0.5059115824301237,-0.2984060849965199
-0.5870606944328745,-0.1382805041255395,1.0,1.4860928771303767
-0.8051783402803911,0.32272403913986336,-1.0,5.444121218920057
-0.6322813864680588,0.3920703513568373,-1.0,0.526912460651371
0.7952098718222895,0.18804511808317836,-0.21341865482220435,1.6128238843417604
0.36555439467753925,-0.810312162519337,0.7493005077623778,-1.0585568781577583
0.1468624721194376,0.872438428359898,0.197449154213873,3.363029272085287
-0.029946125848943073,0.04712555128823559,0.12527768483341628,0.7428194761834841
0.5161160624869401,-1.0,-1.0,-22.439374305950132
-0.2689402690127336,-0.8399621198062024,0.31955827751840205,1.4406636060170221
0.20789501222497453,0.47574800251523053,-0.6836716775759735,0.14858406695733528
0.40101843856649766,0.23227622182627305,-0.3676000235885466,1.2252318023479465
-0.36001029714956045,-0.33620187221685516,-0.7678510163310348,-0.1808624930584453
1.0,1.0,0.5368005844232955,13.93378038728769
1.0,-0.4860691913647541,-0.057355848824854005,3.6234547151449514
-0.6278536632890799,0.4651033347571012,-0.6363129699951171,-1.6658746735551158
-0.3671387288222583,0.18347712061415544,-0.8212514479683677,-1.355446205927108
1.0,1.0,-0.5426459149986012,22.079066399712975
-0.10895288740117648,-0.09829251322411547,-0.7803624323204947,0.8929484060217585
0.018733792931283633,-1.0,-1.0,-17.503051995986894
-0.6530612786054608,0.7234341866285279,-0.5492557639691671,-1.8249875434729972
-0.447032805773077,-1.0,1.0,-3.173683936752708
-0.20777037344327232,0.49175146382244583,0.3870167944115508,-0.791494665076119
-1.0,-0.17240528178237446,0.6491903671388037,-1.5004684620855488
-0.9830534965004911,-1.0,0.4913717737619707,11.51593949805893
0.5338866671511766,0.8666519455958366,1.0,8.073129924007429
1.0,-0.18543567328244004,0.8773884209128515,8.2606825318401
1.0,-1.0,0.18746532169251529,-7.805980382508616
1.0,1.0,-0.15485529473253257,15.24465102274187
0.42099459055059874,1.0,-1.0,5.967736387099023
-1.0,1.0,-0.08087931036393936,8.03617434605876
-0.6298849627118064,1.0,0.07955070063474201,5.375384004884796
0.01562950725941392,0.1292527042992253,0.6255943914062201,-0.25483297017894335
-0.16096108852176205,-0.8906539594609242,-1.0,-11.264168704618653
-1.0,0.4611798664802478,-1.0,17.686119698329648
-0.33536732448041495,0.2989623930224381,-1.0,-2.6405029671621882
-0.16171374118163007,0.6144770938207,-0.42772349231266205,-0.020176474008403743
-1.0,0.12574844255379447,0.9957663305908799,3.7521886261005495
-0.08225473561902708,1.0,0.20070077545692167,7.969579785537389
-0.33328688977464194,-0.9301104589602947,-0.5839206430755031,0.33103214265417347
-0.5351641464047456,0.6475841855443323,-0.5631954142076301,-1.6984813207258234
-0.24716238198556306,0.31673347538146657,1.0,3.064581161007698
-1.0,0.5525288937466664,-0.20347649991311978,-1.7817843470559527
-0.5505169767933298,-0.1264331913487402,-0.07346792396876212,0.027810074488604147
0.40255920747717866,0.21997491584101647,-0.4356328029397021,1.3378313904416679
-0.6179666875350236,0.2698265707233123,0.010933837052212514,-1.4586762207776895
0.10213150681636551,-0.5979447709419934,-0.8723738576496338,-2.6833550979864293
-0.18740094242912453,1.0,-0.5801188051739987,8.155105512147552
-0.9412830036038897,0.40247109955946225,1.0,3.2553694669772915
0.36485848729108317,-1.0,-1.0,-20.822482814586348
1.0,0.22531952722374515,0.20424148617904825,5.842332043887588
0.5944271743963827,0.2834974268881312,1.0,3.139440158669787
-0.31067895846581384,-1.0,0.16252738767079156,2.9623369324827444
0.8631777928491629,1.0,0.3538577928383886,9.14446301862478
0.6898085188399647,0.255532460632911,-1.0,-1.868839257098601
0.6986989290081671,0.38224346528867437,0.14921974232615365,1.7217877470546568
-0.03225275834653285,-0.35032210738662206,1.0,-1.4189715032983705
-0.825771805414389,-0.8020090532828066,0.6568488462265663,4.472077134297028
-0.39950063094705457,0.1985387865729542,-0.9770555143674273,-2.055032264125278
0.45994651909052453,-0.5295554834592671,0.5276267253522635,1.3505956456056027
0.2513360263607325,0.384694442963349,-0.5553480187904463,0.4714070780453104
-0.035342093082465054,0.7732773492929057,-1.0,-3.64510720652872
-0.7778664362807801,0.021822419983888564,0.5523528308581622,-1.3603925355461557
0.8540077756198137,0.8947820720596027,0.6796028994086443,9.60420920021238
0.19572333591216284,0.29835416254643743,1.0,2.3805195264565597
0.04384658810371134,1.0,-0.4472837283631361,10.845570615855797
-0.24306899499975398,0.3473414167484681,1.0,2.742743047739111
1.0,-0.34058095838013003,-0.015910868862296423,4.619693538035932
0.09329652124306587,1.0,-1.0,3.948768722174739
-0.19398687051090602,0.6449973944534362,-0.5651344551033903,-0.2631995619243101
-0.08794080027612505,0.7152158475967267,0.3603993384256008,-0.0014391795997659163
-0.2519364663694763,0.9202010765466635,1.0,11.844067366752691
0.5614351179570642,-0.6928427649750353,-0.06663767521579622,0.6211085720048668
0.3645542693518422,1.0,1.0,10.049490484166762
-1.0,0.2517302001382782,-0.7376795046816533,3.127480438355724
-0.5554981259415712,-1.0,0.5218041593296516,4.157369422725891
0.29107690130823527,0.9128004774007263,-0.2602735232324822,5.2435468474034606
1.0,-0.5643858182331791,-0.2334673575558095,3.3493373037918306
-0.12607693013760835,0.10688118542915137,0.3823946666215998,0.42775819090234174
-1.0,0.49693026766592996,-0.9094869414699014,12.008885454779513
1.0,-0.8677861739271775,-0.24783997800397728,-0.7637188577846368
-0.4557912867661835,0.3370156065845533,1.0,2.6235111628791232
1.0,0.6469781077241439,-1.0,14.909555335403795
0.2200364653329716,0.1324033043684143,-0.4557752978354357,0.6327659324291917
0.8358562197797472,1.0,0.1208170685133394,8.896769727756338
-0.33840781652293495,-0.5042635837337879,0.9808278963692982,0.7155597211061684
-0.5355362883899519,-0.08977711868184168,-0.625500280713259,0.13684326166483277
-0.031186629436735114,1.0,1.0,13.272944768687609
-0.8120816956296939,0.04376820442317486,-1.0,5.822726196770089
-1.0,-0.6480677146177904,-0.24565284538204546,0.6955302853311806
0.6737683837923807,-1.0,0.9467342651269777,-5.270999094482682
0.39963856357095073,0.01699257233707252,1.0,-0.2876171445171502
-0.6106710325459754,0.9347265142876926,-0.43366616998686114,2.2725249578841282
-0.43147736355925725,-0.4419288802757557,0.079212522142734,0.26159354225998777
0.29750421347559186,0.11797724516359964,1.0,0.9026110716394303
-0.08828178469430714,-1.0,0.09649847031352543,2.3029207716403577
1.0,-0.3907129005145269,0.6910647588702492,5.786953396231612
-0.8681240605276368,-0.392329228992764,-0.844810557511062,2.9397971338738618
-0.1444662301872104,-1.0,0.4880712427257179,0.9697036333716378
0.1834123561603438,-1.0,-0.5707404642095839,-2.2379434261103754
0.07683012641851694,-0.19421479898507088,0.8487201732769944,-0.16253708446843607
-1.0,0.5995921026411459,-0.10447466355104118,-1.3085099801534619
0.8735225156348545,1.0,-1.0,23.167182353450038
-0.1628005592281354,-0.4875140323450753,0.7164223953721818,0.3690238182579938
-0.8948326810868175,-0.09762305660715276,-0.012855368485291674,-1.9788306040768966
-1.0,0.10831551942080031,-0.20028641239312406,-3.995282394902185
-0.5891943322638467,1.0,-0.41584653226345214,5.439455177864225
0.47125921587714537,1.0,-0.32290342394155047,9.355964203529538
-1.0,1.0,-1.0,21.91708890276481
-0.5300732457354991,-0.46621124968116945,0.9460483357344196,0.5637458472382716
0.5785481021675545,0.2762851626263305,0.4998625717715379,1.5842449396973688
-0.23957680779540147,1.0,-1.0,2.4635518127798393
-0.06476597322392275,0.25978906239064115,1.0,1.936202576001192
0.28750284994954733,0.16912945320187367,-0.4293124412230782,1.0229735850560144
-0.5546485815448405,-0.009086374168587819,0.5028189349103964,-0.7316316651195222
-0.10351736424183633,-0.009830407809009012,-0.6202009576612897,0.7782741337985423
-0.10094589462367631,-0.09517584509498733,0.7340732223263235,-0.07583164705123269
